q_soc,q_vrc,r,mae,rmse,bias,nis_mean,nis_median,nis_exceed_3_84,nis_exceed_6_63,n_samples,score
1e-09,1e-07,1e-05,0.0020124903446063305,0.0027560636310870953,-0.0004577604884251392,0.6946835793929442,0.24677713439174628,0.009194442660501359,0.003200393894633186,93426,0.5887203989406492
1e-09,1e-07,3e-05,0.0031570505739776703,0.00409994085640968,-0.0007325989160196887,0.5374224248199299,0.20758198871048458,0.005501680474386145,0.0023333975552843962,93426,0.8776558986135157
1e-08,1e-07,1e-05,0.0009530885982733308,0.001908154595724762,-0.00022514396177592425,0.2868971280629174,0.048942736008121546,0.003082653651017918,0.0028792841393188193,93426,0.9083389424743866
1e-09,1e-06,1e-05,0.001208776086826321,0.0016123331697686784,-0.00047588358029714684,0.19425165093831662,0.07467145772914724,0.002654507310598763,0.001273735362746987,93426,0.9695826550565976
1e-08,1e-06,1e-05,0.000802127661914318,0.0013312848649369878,-0.00019938764947603728,0.12351145072062977,0.030737560748126506,0.002547470725493974,0.0022477682872005652,93426,1.0131385394230166
1e-09,3e-06,1e-05,0.0009851652483980565,0.0012950057965173897,-0.0005082964250851153,0.09987206093359915,0.04013753106812992,0.0005244792670134652,2.1407317020957764e-05,93426,1.0299121656686674
1e-07,1e-07,1e-05,0.0005237338822957664,0.0017573194288903202,-0.00014276028475561118,0.13606040645137474,0.01134800985180252,0.002889987797829298,0.002526063408473016,93426,1.0436425937450449
1e-08,3e-06,1e-05,0.0006781727496562225,0.0010040453481522504,-0.00019943468852783884,0.058073158754318906,0.017667093627803228,0.0018196219467814098,0.001284439021257466,93426,1.0445256260555542
1e-08,1e-05,1e-05,0.0005831027519293235,0.0008055470721534382,-0.00023912959315324552,0.024891268592073426,0.008271005882601646,2.1407317020957764e-05,0.0,93426,1.0556741422817808
1e-07,3e-05,1e-05,0.000424724778811511,0.0006567529438410071,-0.00014049758738744224,0.008429824896570234,0.002195307537974405,0.0,0.0,93426,1.0572454694875306
1e-07,1e-06,1e-05,0.0004778127112265285,0.0014941607944538233,-0.00013555658343572543,0.0936016552677964,0.008010135083900603,0.0026866182861301994,0.0024083231648577485,93426,1.0595660564855087
1e-07,1e-05,1e-05,0.0004304654178902701,0.0008072369087624001,-0.0001194892834041969,0.020623044114260643,0.004092632242813655,0.001284439021257466,0.0001177402436152677,93426,1.0608606065162234
1e-09,1e-05,1e-05,0.0008620243157138752,0.0011693369111853515,-0.0005429290681465762,0.0531388700649253,0.01755097383706792,0.0,0.0,93426,1.06379482105361
1e-08,3e-05,1e-05,0.0005756586484862072,0.0007775465710269334,-0.0003210137431029163,0.012671642806177314,0.004464296018467174,0.0,0.0,93426,1.065083014296516
1e-07,3e-06,1e-05,0.00045281590995075946,0.0011675726377195928,-0.0001252749914871096,0.053394412310493196,0.006224722675964654,0.002451137798899664,0.0020979170680538606,93426,1.0666863374289697
1e-07,3e-05,3e-05,0.0005048305729400556,0.0007719666942446421,-0.0001769055138386363,0.0073161612106328825,0.002007909174211216,0.0,0.0,93426,1.0698805082138314
5e-07,3e-05,1e-05,0.00035858493566028385,0.0008024854856589934,-0.00010180549372101781,0.008520790495543154,0.0012695407404852933,0.0,0.0,93426,1.0717277580703561
1e-08,1e-07,3e-05,0.00147222936050542,0.0023731298803348097,-0.00032567075584247164,0.16817845637029183,0.04268821555123632,0.002611692676556847,0.0022905829212424805,93426,1.07273096092271
1e-09,1e-06,3e-05,0.0019006762219376994,0.002497053581239188,-0.0007634984289453822,0.17788767958215249,0.07241620073328685,0.0020336951169909875,0.0009847365829640572,93426,1.073819262683226
5e-07,3e-05,3e-05,0.00040682886943718,0.0008884866308363063,-0.000122154425973088,0.0072401748976240726,0.0010976432492634247,0.0,0.0,93426,1.0816084881860066
1e-08,3e-05,3e-05,0.0007134685663367491,0.000948593721810052,-0.00040881291972399205,0.01162428760154936,0.00443786727863753,0.0,0.0,93426,1.0832350845794558
1e-07,1e-05,3e-05,0.0005534868436074304,0.0009975443678721433,-0.00016139995075921575,0.01684506093577438,0.0035437653133865675,0.0009633292659430993,0.0,93426,1.0833910404844114
1e-08,1e-05,3e-05,0.0007923282718551578,0.0010784213289795719,-0.0003375421914167803,0.02228078193532286,0.007870497195066967,0.0,0.0,93426,1.0855613509626343
1e-06,3e-05,1e-05,0.0003399150530975933,0.0009779348524159173,-9.836696728725436e-05,0.008662751060709708,0.0009277200792346947,4.281463404191553e-05,0.0,93426,1.089152141497903
1e-09,3e-05,1e-05,0.0008315618019778543,0.0011957092197067047,-0.0005941840356096733,0.03013979265284724,0.007281603394117455,0.0,0.0,93426,1.0894311293178232
1e-08,1e-06,3e-05,0.0012238434731284575,0.0018463566737781183,-0.00030121385043559775,0.09377602097650084,0.02786482017893416,0.0021835463361376917,0.001808918288270931,93426,1.0937603378576508
1e-08,3e-06,3e-05,0.0009961101217106905,0.0014249733850345394,-0.0003004559701243584,0.04977575234542771,0.016128830084789277,0.0015520304840194378,0.0008776999978592683,93426,1.0943753013978952
5e-07,1e-05,1e-05,0.0003576234041375097,0.0011467241282724038,-0.00010587264911025568,0.02120047212770638,0.001974645057190055,0.0017553999957185366,0.0010489585340269303,93426,1.0953985992314201
1e-06,3e-05,3e-05,0.00037449437457249087,0.0010403348639797122,-0.00011328301219514572,0.007354060477063505,0.0007973286172783946,0.0,0.0,93426,1.0966794259209076
1e-07,3e-05,0.0001,0.0006940136307103735,0.0010384846209101667,-0.00025597141931330074,0.006226542837631528,0.0017965408094805704,0.0,0.0,93426,1.0976219192533851
1e-09,3e-06,3e-05,0.0014900579561609977,0.001944618161482223,-0.0007822345239104087,0.09455949124088553,0.04007840375949516,0.00026759146276197205,0.0,93426,1.1000361206387177
5e-07,3e-05,0.0001,0.0005261512948202353,0.0010828867854858707,-0.00016648861103294463,0.005660222746684367,0.0009072789623144961,0.0,0.0,93426,1.1026284558019028
1e-07,3e-06,3e-05,0.000607147973500787,0.001377536299831419,-0.00016855654334252922,0.037039459397894284,0.005117639995615051,0.0021407317020957764,0.0016483634106137478,93426,1.1034328998469092
5e-07,1e-05,3e-05,0.0004212548295101515,0.0012446148239783406,-0.00012810003481210033,0.016458269748101727,0.0015547536007571435,0.0014771048744460858,0.0006957378031811273,93426,1.1094375028901367
1e-09,1e-05,3e-05,0.0012029389708119321,0.001620647883613539,-0.0007694621549418886,0.05076302694059845,0.017323799294358507,0.0,0.0,93426,1.1113017614207554
1e-07,1e-06,3e-05,0.0006412725121848936,0.001650291300912232,-0.00017634842292205496,0.05576354711493435,0.006145051983129929,0.0023226938967739175,0.0019480658489071565,93426,1.112374995773583
1e-06,3e-05,0.0001,0.00046401977844817574,0.0011861648861495658,-0.00014634002009594386,0.005584060393502212,0.000626392215431459,0.0,0.0,93426,1.1130324282214543
5e-07,3e-06,1e-05,0.00037291302056605217,0.0014933801254679636,-0.00011512532281681731,0.038887602714079525,0.00295511001340552,0.0021621390191167342,0.0017768073127394943,93426,1.1133082866550148
1e-07,1e-07,3e-05,0.000679025075880146,0.0018432509943017935,-0.00018066216250815805,0.0717896254385587,0.007479685787755321,0.002451137798899664,0.0021407317020957764,93426,1.115901774593166
1e-06,1e-05,1e-05,0.0003432147588328791,0.0013395570773621721,-0.00010600472123090742,0.018307231088987616,0.0014925011951461217,0.0015627341425299168,0.0008669963393487894,93426,1.1172968400578434
5e-07,1e-06,1e-05,0.00039250964704549594,0.0016547736151311828,-0.00011917847459767239,0.049684532779523845,0.003950860619161436,0.002269175604221523,0.0018731402393338042,93426,1.118800556775039
5e-07,1e-07,1e-05,0.00042277015619518937,0.0017462055739394195,-0.00012068392281644238,0.05788850299012245,0.005568136790149169,0.0023119902382634384,0.0019694731659281144,93426,1.1198575226888792
1e-09,3e-05,3e-05,0.0010459685504871936,0.001497276138343176,-0.0007572206175895104,0.029082848470087373,0.0072079374004310765,0.0,0.0,93426,1.1206447653642302
1e-07,1e-05,0.0001,0.0008162202788936701,0.0013615291778770907,-0.0002442900225019468,0.012950144737828427,0.0030948870308607425,0.00016055487765718324,0.0,93426,1.1232830504887092
1e-08,3e-05,0.0001,0.0010242765801155582,0.001343678986890775,-0.000600819183552955,0.010757877319798385,0.004422515350625858,0.0,0.0,93426,1.123610021369279
1e-06,1e-05,3e-05,0.00038744919438236236,0.0013939585368935195,-0.0001215057243139575,0.014476164467510539,0.0011297607275758796,0.0013272536552993814,0.0005994048765868173,93426,1.126182720926078
5e-07,3e-06,3e-05,0.0004449651289460612,0.0015602522348355078,-0.0001362083663090035,0.02746086803382166,0.002071574437090117,0.0018838438978442831,0.0014771048744460858,93426,1.1309833822730975
5e-07,1e-05,0.0001,0.0005621158912963488,0.0014329805664103933,-0.00017277136192361491,0.010953476879499203,0.0011998701930477033,0.0008455890223278316,0.0,93426,1.132767374272704
1e-06,3e-06,1e-05,0.00035810969369528563,0.0015935777469655292,-0.00011241440013367711,0.027604982210403764,0.0023099561698041587,0.0018303256052918887,0.0013914756063622546,93426,1.1340594308951573
5e-07,3e-05,0.0003,0.000737846661867551,0.0013846951734005483,-0.0002385738489015374,0.0042535336881663575,0.0007816086719855742,0.0,0.0,93426,1.1342159836518884
1e-06,3e-05,0.0003,0.0006249828945426352,0.001412864831539036,-0.00020046649227768685,0.003941281791897859,0.0005154882459410876,0.0,0.0,93426,1.1373452013620058
5e-07,1e-06,3e-05,0.0004678991307375182,0.0016984599847531224,-0.00013922896938505414,0.03345759403205091,0.00256353630370899,0.002087213409543382,0.0016055487765718323,93426,1.1390375599246048
1e-06,1e-06,1e-05,0.0003741437770998748,0.0016915432344005435,-0.00011442988091537099,0.03241583182805825,0.003120809736147225,0.0019373621903966776,0.0015092158499775223,93426,1.139216388557172
1e-06,1e-07,1e-05,0.00039410444527052964,0.001742864707632271,-0.0001150244206541139,0.035988927798152756,0.004065649440704578,0.0019694731659281144,0.001541326825508959,93426,1.1408236063735473
1e-06,1e-05,0.0001,0.0004886663474157983,0.0015100859405090365,-0.00015365195182147085,0.009680350390008037,0.000803806323389834,0.0007920707297754372,0.0,93426,1.1417242790257833
1e-07,3e-05,0.0003,0.0010213504739492033,0.0014803983330014267,-0.00038673092071033014,0.005380266458795339,0.0016384050931237321,0.0,0.0,93426,1.1426595668413473
5e-07,1e-07,3e-05,0.0004968046396728243,0.0017754909921305028,-0.00014019243867071868,0.037492727970123714,0.0031998447912915916,0.0021300280435852977,0.0017018817031661422,93426,1.1428232669678853
1e-06,3e-06,3e-05,0.0004096735933403669,0.0016273667681934003,-0.00012726084857178285,0.020673258715222954,0.0015346521928527282,0.0017018817031661422,0.0011238841436002826,93426,1.1440382430993006
1e-08,1e-05,0.0001,0.0012272570974822632,0.0016431116794320432,-0.0005379086980943562,0.020172793795385214,0.007612418079086993,0.0,0.0,93426,1.1441383741478193
1e-06,1e-06,3e-05,0.0004300748589551269,0.001715766291666054,-0.0001289127177525907,0.02360648360703213,0.0019241534775675943,0.0017661036542290156,0.001188106094663156,93426,1.1500413034813508
1e-07,3e-06,0.0001,0.0009199050832603336,0.0017318609660589865,-0.0002503318772998367,0.022927804632122514,0.0043570065863348904,0.0014878085329565645,0.000813478046796395,93426,1.151815674287051
1e-06,1e-07,3e-05,0.0004518101205496289,0.0017623008685870203,-0.0001293652772012663,0.02552898266942078,0.0023436740061808462,0.0017982146297604521,0.0013058463382784235,93426,1.15290605784244
5e-07,3e-06,0.0001,0.0005925496295286877,0.001688793132509438,-0.00017804892920197018,0.01586527051035172,0.0014522231969029851,0.001370068289341297,0.000727848778712564,93426,1.1544269256639754
1e-06,3e-06,0.0001,0.0005148428503521462,0.001701737810151422,-0.00015752758671476092,0.012701395864583187,0.0009900436633668022,0.0011452914606212403,0.0004281463404191553,93426,1.1584731772212886
5e-07,1e-06,0.0001,0.0006129906715916789,0.001791211210574066,-0.00017947559989884724,0.018159867231976427,0.0016525474352856607,0.0014985121914670434,0.0008884036563697471,93426,1.1625989135775334
1e-06,1e-05,0.0003,0.0006603208691118708,0.0016854577391944585,-0.0002053596154867847,0.0058892692768406614,0.0006190986067962306,0.0,0.0,93426,1.1626565046426052
5e-07,1e-05,0.0003,0.0007996815594032647,0.0017022816220414081,-0.0002431233600128294,0.0068882616239092425,0.0009967270164501596,0.0,0.0,93426,1.1633399005802316
1e-06,1e-06,0.0001,0.0005339797066740527,0.0017715015964097935,-0.0001583918331500886,0.013980239675886581,0.0011419334237109063,0.0012309207287050715,0.000631515852118254,93426,1.1644168961815637
1e-07,1e-06,0.0001,0.0009676610369549324,0.0019358793836826485,-0.00025512366867277866,0.029608879084995765,0.0049410131054222735,0.0017553999957185366,0.0011559951191317192,93426,1.16601275440026
5e-07,1e-07,0.0001,0.0006317918664327758,0.0018458565833461694,-0.00017970560468785207,0.01951649963284396,0.0018304728718856159,0.00153062316699848,0.000995440241474536,93426,1.1668299105267468
1e-06,1e-07,0.0001,0.00055024716840397,0.001807422018930267,-0.00015853033783356027,0.014715677575912795,0.0012654293901047508,0.0013058463382784235,0.0006850341446706485,93426,1.1673644816309239
1e-07,1e-07,0.0001,0.0009987418699474587,0.002061349774141014,-0.00025730148805628574,0.03425621435726832,0.0053575373236490614,0.0018196219467814098,0.001370068289341297,93426,1.1741586423195651
1e-06,3e-06,0.0003,0.0006851704081572658,0.0018289030926328912,-0.00020702752468426084,0.007093124081150579,0.0007053128464508336,0.000181962194678141,0.0,93426,1.1758881662794776
1e-06,3e-05,0.001,0.0009493539468582433,0.0018046439995822213,-0.0003021650588951038,0.002510905619877451,0.00043779762841223736,0.0,0.0,93426,1.1779534943383447
1e-08,3e-06,0.0001,0.001620497987357112,0.002211380450602332,-0.0004975652790360118,0.04189748203557312,0.014678301783976382,0.0009740329244535783,1.0703658510478882e-05,93426,1.1797382831453975
1e-07,1e-05,0.0003,0.0012489735752352635,0.001900913295869309,-0.0003751600611685659,0.00995270150035446,0.002817924120297054,0.0,0.0,93426,1.1801386280865764
1e-06,1e-06,0.0003,0.0006984937636461972,0.0018785069895833745,-0.00020714355769497805,0.00755107911788323,0.000755834011555354,0.00038533170637723973,0.0,93426,1.1804922856936428
5e-07,3e-06,0.0003,0.0008351798320241427,0.0018946222927667127,-0.0002454008880745874,0.008795767025386899,0.0011262597727353754,0.0004067390233981975,0.0,93426,1.1808698317629835
1e-06,1e-07,0.0003,0.0007075739882402853,0.001903141577243225,-0.00020701431881455285,0.007791168551918862,0.0007853396712790728,0.0004067390233981975,0.0,93426,1.1827263586841028
5e-07,1e-06,0.0003,0.000851079236561187,0.001965272797458487,-0.0002455959280727507,0.009572940411479625,0.00119854342446462,0.0005779975595658596,0.0,93426,1.187243338114152
5e-07,3e-05,0.001,0.0011594704704129077,0.0019134168771442776,-0.0003739276283908111,0.0029921817114668113,0.0006955853060780757,0.0,0.0,93426,1.188349506002961
1e-09,3e-05,0.0001,0.0015210989204713676,0.002171607064118489,-0.00111353855904735,0.028176888587640624,0.007084492961661762,0.0,0.0,93426,1.1889838178242083
5e-07,1e-07,0.0003,0.000861582416810392,0.002001205383536516,-0.0002453812345120771,0.009991262003630869,0.0012410657445518706,0.0006636268276496907,0.0,93426,1.1904610897638457
1e-08,3e-05,0.0003,0.0015524737436819701,0.002020258908625204,-0.0009233913809739674,0.010209515797279384,0.004442667221779377,0.0,0.0,93426,1.191816375065241
1e-06,1e-05,0.001,0.0010009064486311958,0.002016599107492428,-0.0003039478634564238,0.0032458715708169627,0.0004986044892560453,0.0,0.0,93426,1.1984140391784257
1e-09,1e-05,0.0001,0.0019010358944997765,0.0025521979541122215,-0.0012314208123349764,0.04893945704762268,0.01719487307407487,0.0,0.0,93426,1.2062803383635994
1e-06,3e-06,0.001,0.0010256143070369924,0.0021159113796835843,-0.0003037947436786975,0.003630006067738387,0.0005287289885550535,0.0,0.0,93426,1.20796113190062
1e-08,1e-06,0.0001,0.0020241030728954325,0.002774395138217986,-0.0004954757957744318,0.0703521720374241,0.024832917956679305,0.0015734378010403957,0.0010703658510478882,93426,1.2089444265359426
1e-06,1e-06,0.001,0.001034703233720261,0.0021484307293429456,-0.0003034453634495157,0.0037630800127674328,0.0005418090744267562,0.0,0.0,93426,1.211079992921527
1e-07,3e-06,0.0003,0.0014273146103430036,0.0022658594288242693,-0.00037922799904260824,0.014997758020349177,0.0038886380970069843,0.00044955365744011303,0.0,93426,1.2118129616907978
1e-06,1e-07,0.001,0.0010394757388053754,0.002164005414605008,-0.0003031948691973174,0.003828439735304251,0.0005482625251582002,0.0,0.0,93426,1.2125721017251965
5e-07,1e-05,0.001,0.0012679433026263974,0.0021962015278395326,-0.0003758798343534013,0.004127032457664001,0.000860574074518045,0.0,0.0,93426,1.2154931203262893
1e-07,3e-05,0.001,0.0016622629801064158,0.002304560561694461,-0.0006381199428856196,0.004553992248051541,0.001493345197794716,0.0,0.0,93426,1.2259020639213947
1e-07,1e-06,0.0003,0.0015025353878362177,0.002433502915168451,-0.0003826572749552977,0.017705190640598868,0.004335509174095271,0.0007813670712649584,0.0,93426,1.2260357844118788
5e-07,3e-06,0.001,0.0013189585806345696,0.0023416838897346026,-0.0003761856565683774,0.00479293860374186,0.0009350887235734344,0.0,0.0,93426,1.2293754503697185
1e-08,1e-07,0.0001,0.0024396502193973478,0.0033603797478672193,-0.0005198609518608887,0.10821876581354475,0.03757916659356718,0.0019266585318861986,0.0015199195084880013,93426,1.2303024577476083
1e-09,3e-06,0.0001,0.0024748341742187006,0.003210616604931421,-0.0013238975533979153,0.08926680335644117,0.03977985134432488,4.281463404191553e-05,0.0,93426,1.2318162644537218
1e-07,1e-07,0.0003,0.0015425946574685932,0.002527491295217785,-0.0003845590991970017,0.019360397069344736,0.004571874990832536,0.0008884036563697471,0.0,93426,1.2338329342806185
5e-07,1e-06,0.001,0.0013363879037095285,0.002391363620520492,-0.00037591059347840723,0.0050363521104553905,0.0009566553137126417,0.0,0.0,93426,1.2341000099415937
1e-08,1e-05,0.0003,0.0019338996636242218,0.0025482828762714016,-0.0008660617532471851,0.018522709457160173,0.007458662539978228,0.0,0.0,93426,1.23630557816998
5e-07,1e-07,0.001,0.0013450472413384913,0.002415567811334608,-0.00037565355578562243,0.005158605645390485,0.0009702632638227518,0.0,0.0,93426,1.2363981754880702
1e-09,1e-07,0.0001,0.004816592079213107,0.006127930551476414,-0.0012779154916883896,0.36898359746322473,0.1435741350484469,0.0031468756020807914,0.0014985121914670434,93426,1.246881407676924
1e-09,1e-06,0.0001,0.0031824193022298524,0.004119970519756654,-0.0013296293107463843,0.15771102835950002,0.0687348060328139,0.0013379573138098601,0.0004067390233981975,93426,1.2553617412964684
1e-07,1e-05,0.001,0.0020679253369980987,0.0028718593765304583,-0.000623351973573802,0.00754058188210975,0.002512314278266664,0.0,0.0,93426,1.2796453557709362
1e-08,3e-06,0.0003,0.002579619202331431,0.0033919225252060426,-0.000816958473586933,0.035467891848595966,0.013095722408827356,0.0,0.0,93426,1.3037243606720081
1e-09,3e-05,0.0003,0.002321301087441898,0.003312314442873648,-0.0017104483531724852,0.027496141482596347,0.006983069465909437,0.0,0.0,93426,1.3037353028047685
1e-07,3e-06,0.001,0.002372016757111198,0.00329462196270604,-0.0006264739193198353,0.010264826629884198,0.003435263982805379,0.0,0.0,93426,1.3191973696407198
1e-08,3e-05,0.001,0.0025815806741875964,0.0033357693844045452,-0.0015545502217003766,0.009638362743800727,0.004415380825405936,0.0,0.0,93426,1.323938575696654
1e-07,1e-06,0.001,0.0024965544920548593,0.0034735313546044293,-0.0006303877811465728,0.0115598401842044,0.0038258470286321915,0.0,0.0,93426,1.3357932952762386
1e-07,1e-07,0.001,0.0025613703469031606,0.0035692921891371213,-0.0006330054539749174,0.012291803692814603,0.004037697539578928,0.0,0.0,93426,1.3446374152208975
1e-09,1e-05,0.0003,0.003028372002784876,0.004060902474220319,-0.0019832507333318243,0.047210462044119376,0.016853277468993275,0.0,0.0,93426,1.3588797853779124
1e-08,1e-06,0.0003,0.0031828762968643142,0.00413265761723691,-0.0008077842088632635,0.054566964210672336,0.02104471153621651,0.000717145120202085,0.0,93426,1.3590573700731197
1e-08,1e-05,0.001,0.0032443268004520042,0.004209184028795541,-0.0015087829789275046,0.016458045863407218,0.0071816456757469085,0.0,0.0,93426,1.404460357016147
1e-08,1e-07,0.0003,0.0037500578323481863,0.004825401125376345,-0.0008256496872695686,0.07619563727328975,0.030872188845236993,0.0010168475584954938,0.00029970243829340867,93426,1.4071526014818858
1e-09,3e-06,0.0003,0.003987798434483815,0.0051510796902684425,-0.002195183960786935,0.08229435111146412,0.037981837087962766,0.0,0.0,93426,1.43281361791538
1e-09,1e-06,0.0003,0.004973168904301832,0.006377154668204086,-0.002250692982863259,0.13096886178728803,0.06128342072761333,0.00033181341382484535,0.0,93426,1.5069125117400328
1e-08,3e-06,0.001,0.00417081668531644,0.005362583719636408,-0.0014502685300816398,0.027783987848248197,0.010643176455646216,0.0,0.0,93426,1.5084743841153925
1e-09,3e-05,0.001,0.003866201949585141,0.0055237364529496565,-0.0028641305736203325,0.02646300456657642,0.006744887558581963,0.0,0.0,93426,1.5259106407283891
1e-08,1e-06,0.001,0.004869495073350089,0.006188895938087087,-0.00142730578398007,0.037615840487143504,0.014574649910874829,0.0,0.0,93426,1.581273753321565
1e-09,1e-07,0.0003,0.006440263315869323,0.00819734682922604,-0.0022183045068537143,0.22210656389851863,0.09007041536062185,0.0015199195084880013,0.0002782951212724509,93426,1.5986663738996016
1e-08,1e-07,0.001,0.005407797508971632,0.006814258279115618,-0.0014232551958535244,0.046028267606365136,0.01858877127538846,0.0,0.0,93426,1.6353975603051967
1e-09,1e-05,0.001,0.005109874963878322,0.006866609088452508,-0.0034080993007805692,0.04390199573872077,0.015541880341763965,0.0,0.0,93426,1.64275891310653
1e-09,3e-06,0.001,0.006526335569087313,0.008429695364711404,-0.0038221764932287986,0.06888638153042638,0.03133054895775053,0.0,0.0,93426,1.7740831549407141
1e-09,1e-06,0.001,0.007558830064843629,0.009651954112823994,-0.003982974096114397,0.09184932438839172,0.045256532606272715,0.0,0.0,93426,1.8733460868940077
1e-09,1e-07,0.001,0.00843582428856357,0.01072838133538958,-0.004047714701096396,0.11458476268452886,0.0567053026214772,0.0,0.0,93426,1.958253370854429
